{
    "batch_size": 512,
    "N_train": 40000,
    "EPS_TRAINNING": false,
    "EVAL_EVERY": 5000,
    "x_dim": 2,
    "sigmas": [
        5.0,
        3.237394094467163,
        2.096143960952759,
        1.3572087287902832,
        0.8787639141082764,
        0.5689810514450073,
        0.3684031665325165,
        0.23853324353694916,
        0.15444521605968475,
        0.10000000149011612
    ],
    "lr": 0.0001,
    "device": "mps",
    "plot scores renormalisation": "",
    "model": {
        "hidden_dim": 512,
        "sigma_emb_dim": 20
    },
    "timestamp": "2025-11-08T17:35:58"
}